Nh,DOFs,bandwidth,nnz,fill_in_ratio,solve_time_s
25,625,25,3125,10.9072,0.001256
50,2500,50,12500,15.7534,0.023376
100,10000,100,50000,23.7258,0.199882
200,40000,200,200000,35.9115,2.74088
